{
    "project_path": "C:/Users/giand/OneDrive/Documents/packages/solar_system_cartography/dev/solar_system_cartography",
    "Mercury": {
        "name": "Mercury",
        "mass": 3.3e+23,
        "rotation_period": 58.6458,
        "axis_inclination": 0.03,
        "radius": 0.05,
        "semi_major_axis": 0.38709808989279954,
        "semi_minor_axis": 0.3788281697125761,
        "inclination": 7.004,
        "eccentricity": 0.2056,
        "period": 87.95601264719063,
        "circumference": 363853292112.728,
        "distance_at_perihelion": 0.30751072261083995,
        "velocity_at_perihelion": 58983.30058671956,
        "distance_at_aphelion": 0.4666854571747591,
        "velocity_at_aphelion": 38865.572317592916
    },
    "1P/Halley": {
        "name": "1P/Halley",
        "mass": 220000000000000.0,
        "rotation_period": 1.0,
        "axis_inclination": 0.0,
        "radius": 0.05,
        "semi_major_axis": 17.872265,
        "semi_minor_axis": 4.599243444087713,
        "inclination": 162.2239,
        "eccentricity": 0.966321,
        "period": 27593.28353105685,
        "circumference": 16799055917744.133,
        "distance_at_perihelion": 0.6019200129350002,
        "velocity_at_perihelion": 53841.278563395776,
        "distance_at_aphelion": 35.142609987065,
        "velocity_at_aphelion": 922.1894190910839
    }
}